Datetime,Tweet Id,Text,Username
2022-05-21 10:12:28+00:00,1527955476188741633,@cyb3rops The only way to compete with Aurora/Sigma nowadays is to consider it as malware üòÇ,nas_bench
2022-05-21 10:09:51+00:00,1527954818555428864,@BigBadBear_ Ela parece dura kkkkkkk cade a graciosidade,Malware__Trojan
2022-05-21 10:09:03+00:00,1527954616360570880,"Another active #Phishing targeting Dropbox
URL: hxxp://applewoodhomeshare.com/
#onpatrol4malware (bot generated) https://t.co/2SEjleQ7gI",MalwarePatrol
2022-05-21 10:08:45+00:00,1527954543031775232,"@RydiaNoon You can submit by joining the discord, or just letting Lumi know in the stream chat you have something to submit.",MaliMalware
2022-05-21 10:08:15+00:00,1527954417831772162,@RydiaNoon Do it I dare you,MaliMalware
2022-05-21 10:08:03+00:00,1527954364853366785,"An expose on the inner workings of #WizardSpider, the Russia-linked crew behind high-profile #malware #Conti, #Ryuk, and #Trickbot.
#CyberSecurity #infosec #cybercrime
https://t.co/SfKpznSuZf https://t.co/RETImZgaEP",twelvesec
2022-05-21 10:07:03+00:00,1527954115367936000,"Youtube: https://t.co/DKETi8FdWp
Twitch: https://t.co/Kjv8G4TbeQ

Tis Time https://t.co/8blCR3dMNN",MaliMalware
2022-05-21 10:06:16+00:00,1527953917933387777,"According to CrowdStrike research, Mirai malware variants compiled for Intel-powered Linux systems doubled (101%) in Q1 2022 compared to Q1 2021.

Read more in this blog post. ‚¨áÔ∏è https://t.co/JyU0c3LlNf",sagar10tonde
2022-05-21 10:01:20+00:00,1527952677615079424,"BubbleBoy is back!
The BubbleBoy incident, pictures and sounds",RemoveMalicous
2022-05-21 10:00:12+00:00,1527952391277928448,#Microsoft Warns Rise in XorDdos #Malware Targeting #Linux Devices https://t.co/6ZuP1ldsOI #TheHackerNews,SecurityNewsbot
2022-05-21 09:59:59+00:00,1527952336957612033,"Researchers found security loophole where attackers infect iPhones with malware while the phone is off. Read more at hackread. https://t.co/Z8a9vaApuc
#cybersecurity #iOS #malware #mssps",security_hq
2022-05-21 09:59:44+00:00,1527952271992053762,"SecureAge Technology launches CatchPulse software for complete protection against malware
https://t.co/RrKFYvbKkB",VCPNewz
2022-05-21 09:58:49+00:00,1527952040655261696,"Clicked on something I wasn't supposed to. Time to see if I get crypto mined, malware, or a virus.",lamango_kaijura
2022-05-21 09:54:59+00:00,1527951077999448066,Congress social media team is busy somewhere else(assume its existence) . Unless he do some goofups which subsequently picked by Vomit malware it‚Äôs difficult for congress echo system to make his visit viral. https://t.co/hDSMU7OuiI,anshsharma
2022-05-21 09:54:17+00:00,1527950902648242177,https://t.co/Vu5MB6njx5 #security #cybercrime #malware #CyberSecurity #cyberattacks #cybersecuritytips #cybercriminals #ThreatIntelligence #threatreport https://t.co/pn9OtfsX1Z,dancho_danchev
2022-05-21 09:52:20+00:00,1527950409972826113,"CPS: Chicago Public Schools Suffers Third-Party Data Breach Compromising 495,448 Students' And 56,138 Employees' Personal Information
https://t.co/9rYsBsW7jG
#databreach #databreaches #databreachesdigest #dataprivacy #cybersec #cybersecurity #infosec #cyberattack #hacked #malware",db_digest
2022-05-21 09:51:40+00:00,1527950244465500160,Microsoft Warns Rise in XorDdos Malware Targeting Linux Devices https://t.co/KHYePCNUqD via @TheHackersNews,Visual_Media_Fx
2022-05-21 09:50:00+00:00,1527949823436914688,Microsoft warns that Linux-targeted malware is on the¬†rise https://t.co/ekAf6dpRFE,newszf_com
2022-05-21 09:48:59+00:00,1527949567282425857,"#Malware #Attacks QNAP Urges Users to Update NAS Devices to Prevent Deadbolt Ransomware Attacks
https://t.co/uvfA7uQSHy",Yolanda68073622
2022-05-21 09:48:53+00:00,1527949544050155520,"#Malware #Management Researchers Find Backdoor in School Management Plugin for WordPress
https://t.co/gKsVxQZD5i",Yolanda68073622
2022-05-21 09:48:49+00:00,1527949524848635904,"#Malware #Microsoft Microsoft Warns Rise in XorDdos Malware Targeting Linux Devices
https://t.co/YOu1XC1UHJ",Yolanda68073622
2022-05-21 09:48:44+00:00,1527949506058125312,"#Attack #Malware Researchers Uncover Rust Supply Chain Attack Targeting Cloud CI Pipelines
https://t.co/2U9Xb4J1I0",Yolanda68073622
2022-05-21 09:48:39+00:00,1527949485090824192,"#Hackers #Malware Hackers Trick Users with Fake Windows 11 Downloads to Distribute Vidar Malware
https://t.co/hDSVtlYNur",Yolanda68073622
2022-05-21 09:47:04+00:00,1527949085361287171,"@malware_traffic From your experience - what lead you to rate them on a danger scale over each other? And for you - would you think that has changed over time for any more than others (there's some common trends that has folks tying back to certain families or ""plug &amp; play"" like correlating code)",dustin_dicarlo
2022-05-21 09:42:44+00:00,1527947995349667840,"Data Breaches Digest - Week 20 2022
https://t.co/aiW968IM3e
#databreach #databreaches #databreachesdigest #dataprivacy #GDPR #HIPAA #cybersec #cybersecurity #infosec #informationsecurity #cyberattack #hacked #malware #phishing #ransomware https://t.co/42lv20ZWgQ",db_digest
2022-05-21 09:41:57+00:00,1527947797785260032,"Best WordPress Malware Removal Services - Wpexpertdeep
WordPress Malware Removal Services magically gets rid of malware with the click of a button. You no longer need to wait for hours to reclaim your website.
https://t.co/o5OItT5w3R
#bestwordpressmalwareremovalservice https://t.co/HdZfDr0CDM",deepprakashgoy1
2022-05-21 09:41:30+00:00,1527947685180866561,"@EdwardEmerling Well, it's stuff like that that's giving them problems in the first place.",MalwareFondler
2022-05-21 09:40:33+00:00,1527947444427923456,Mobile cyberattacks: The different facets of smartphone malware https://t.co/rqBEu7Knih via @TechNative,TweetEraser
2022-05-21 09:40:15+00:00,1527947371480596480,"NordVPN :¬†Bloquea malware, rastreadores y anuncios intrusivos
GRATIS üëâhttps://t.co/GWL2a63iFX
¬†#vpn #cyberseguridad #privacidad https://t.co/aWMrikg2lR",top3losmejores
2022-05-21 09:40:04+00:00,1527947321689767937,"&gt;&gt; &gt;We should not¬†accept the promotional
term ""The Plague"" for proprietary malware.",nanqurratul
2022-05-21 09:34:27+00:00,1527945910419959809,CaddyWiper: New wiper malware discovered in Ukraine |¬†WeLiveSecurity https://t.co/H5NeTKwnbd,newsaxes
2022-05-21 09:33:16+00:00,1527945613677150212,with cheese or without,unaliveleak
2022-05-21 09:28:43+00:00,1527944467386351617,"@mikekarnat @davidpgoldman why would you choose to use inferior Chinese chips when you can make them yourself? Chinese chips are full of malware spyware crap, after all.",redmanticore
2022-05-21 09:26:05+00:00,1527943804719972352,"En la guerra del #phishing contra el mundo, el uso del #SEO es la m√°s reciente estrategia identificada para aumentar las descargas de malware.¬† https://t.co/K6SOXVIzNf #hackers #malware #netskope #nube",CIOAMERICALAT
2022-05-21 09:25:24+00:00,1527943634451976194,@iDGiam @PCKJ3627 @3wombats I think I got an unsolicited sms from them recently... Not sure as it resembled one of those dodgy scam/malware sms's so I just deleted it without opening it,melina_crane
2022-05-21 09:24:47+00:00,1527943477388091392,"The first computer virus was invented in 1971. Creeper was created as a test to observe how quickly it propagated between computers. ""I'm the creeper, catch me if you can!"" read the statement on the malware.

#malware #developpementweb #tech #softwaredevelopment #programming",Techozon1
2022-05-21 09:22:49+00:00,1527942980526813185,"BASTARD ! You're lucky this time - but for your own sake, now SWITCH OFF YOUR COMPUTER AND DON'T TURN IT ON TILL TOMORROW!!!!",MalwareEbooks
2022-05-21 09:22:18+00:00,1527942852864614401,"@StalinFrog why would you choose to use inferior Chinese chips when you can make them yourself? Chinese chips are full of malware spyware crap, after all.",redmanticore
2022-05-21 09:21:12+00:00,1527942575998771200,"1. Night Terrors (360)
2. Hyperio Technia (288)
3. CraZy II (165)
4. Malware (60)
5. Windy Landscape x3 (40), Deadlocked (23.7)
6. Hyperio Technia
7. Deadlocked
8. WOW Spam (185% Speed)
9. Windy Landscape
10. Windy Landscape https://t.co/tlonKTycVd",Infyrn
2022-05-21 09:20:04+00:00,1527942289011757058,"Millennium Park shootout: Man, security guard exchange gunfire as #infosec #infosecurity #cybersecurity #threatintel #threatintelligence #hacking #cybernews #cyberattack #threathunting 
#cloudsecurity #cloudcomputing #malware #ransomware #devops #dfir https://t.co/Hu1tkKH4cQ",CyberIQs_
2022-05-21 09:19:42+00:00,1527942196841807872,"Davis Polk Asia chair withdraws from Hong Kong security law forum &amp; #infosec #infosecurity #cybersecurity #threatintel #threatintelligence #hacking #cybernews #cyberattack #threathunting 
#cloudsecurity #cloudcomputing #malware #ransomware #devops #dfir https://t.co/Hu1tkKH4cQ",CyberIQs_
2022-05-21 09:19:35+00:00,1527942169113534465,"... China has also used ‚Äúeveryday‚Äù tactics, including digital threats such as phishing attacks, malware and coercion via threats to relatives in Xinjiang.",WilliamYang120
2022-05-21 09:19:31+00:00,1527942151392337920,@Pits666 no way... fuck... i wrote that malware for no reason.. captain BTAMAN won't even thank me... DAMMIT,UK_Daniel_Card
2022-05-21 09:18:14+00:00,1527941827974033408,"Google Chat will display banners warning you about phishing and malware messages sent by users with personal Google accounts.
.
https://t.co/UDxnnJ9hwu
.
#1built4u #google #Update #googlechat #googleaccount https://t.co/OlhkCxQNZw",1built4u
2022-05-21 09:17:02+00:00,1527941526193676288,me https://t.co/cDmkTHxFjT,unaliveleak
2022-05-21 09:16:49+00:00,1527941474020732930,"@Mimamau @dani_stoffers Hier eine neue Initiative, komplette Supply Chains zu signieren. PHP ist schon erw√§hnt.

Bitte unterst√ºtzt das, es ist noch nicht fertig, und fordert das ein, sobald m√∂glich.

Es l√∂st nicht alle Probleme, aber viele. Auch Malware kann signiert sein.

https://t.co/WsFmrtOjHu",thomasfricke
2022-05-21 09:15:36+00:00,1527941164649054208,"What is DirBuster ?
#crime #cybersecurity #cyberexpert #cyberengineer #infosec #ipaddress #cyberawarness #malware #ethicalhacking #bughunter #college #mobileApp https://t.co/cDN6xIPF0u",IdcitT
2022-05-21 09:14:45+00:00,1527940951368417281,"@Trendsetting123 @17Shaikhfarha @RamphalKaushik9 @RoopeshSinghINC @sambitswaraj @narendramodi @GouravVallabh @Pawankhera @a_amgoth @PadmraniK @RahulGandhi @priyankagandhi @LtColAnilDuhoon @WilfredQuadros1 @azimsherwani @myogiadityanath @mlkhattar @_pallavighosh @rwac48 @LtGen_Roy @nitin_gadkari @bansalavani @SujataIndia1st @adgpi @PriyaaReturnz @sadafjafar @MaryDenniz @ShashiTharoor @rssurjewala @PChidambaram_IN @NeelamP49362287 @nkk_123 @Writersahiba @WeThePeople3009 @cjwerleman @mpsahayINC @VivekPunia_IYC @FreedaNicholas @mynameswatik @MehmoodPracha @vizhpuneet I was thinking what tactics Malware IT Cells will do to divert Rahul Gandhi's trip to the UK.

Here is the one, with liberals @bainjal @_sabanaqvi and all others busy propagating it. https://t.co/jtP1LxIKB3",mujwords
2022-05-21 09:13:58+00:00,1527940754127085569,"@kamil_kicka That a part of these companies are not want to solve malware/ransomware/etc, but to make profit...",malwrhunterteam
2022-05-21 09:11:25+00:00,1527940111823945729,"Looking for a fun #Infosec project for the weekend?üòÄ

Want to practice your #ThreatHuntingüîçand #IncidentResponse skills?

Install #SecurityOnionüßÖin a VM:
https://t.co/shUhXskK3i

Then follow along with our recent quick #malware analysis blog posts:
https://t.co/kDcEf6876L https://t.co/MXJ6wJJknu",securityonion
2022-05-21 09:10:28+00:00,1527939872975110145,/r/OPP examines malware obtained by incorrectly typing a web URL in the middle of a bikini bottom. what it may taste like if vomited.,R_Subreddit
2022-05-21 09:06:35+00:00,1527938896469692416,"@wrestlefer34296 @TheComixKid you could still have her powers be cosmic but have her keep the shape changing abilities, like it doesn‚Äôt need to look pink &amp; sparkly, that‚Äôs so cliche for female characters. Ms. marvel would be a perfect way to introduce the inhumans since her story starts with the terragen Mist",midlane_malware
2022-05-21 09:05:22+00:00,1527938591657275398,"App Android da disinstallare, contiene #malware

https://t.co/U7yMA8dCtn (10000 installazioni)

https://t.co/EXRTpSKE4Z https://t.co/QMizJ5GT6F https://t.co/PxLjuYzMWQ",techworldaleant
2022-05-21 09:05:04+00:00,1527938516256186368,"Google to warn users against phishing attacks on Chat ""In Google Chat, you'll see banners warning against potential phishing and malware messages coming from users with personal Google Accounts,"" the company said in a sta... #Tech by #EconomicTimes https://t.co/g7cSxoG7wT",MarketsCafe
2022-05-21 09:01:30+00:00,1527937616628264960,"CMOS
Your computer will need a psychiatrist...
                 DEAD",RemoveMalicous
2022-05-21 09:00:04+00:00,1527937257843445761,Se ha descubierto como ejecutar malware en iPhone incluso cuando est√© apagado https://t.co/jfoNvFEPpG,DerechodelaRed
2022-05-21 09:00:01+00:00,1527937246384607234,"üí°If you‚Äôve heard about ransomware, but you‚Äôre not quite sure what it‚Äôs all about, here are 4 of the most common types of this malware you should watch out for.

Check our page for #cyberthreats facts and stats: 
üëâ https://t.co/JV5B0lAFn1 https://t.co/B8gRiUNq4v",CryptoDATA_Tech
2022-05-21 08:52:53+00:00,1527935448970051587,"I just published Best Ways to Protect Your Device Against Malware https://t.co/9SkhsI0Pd3

Read it out. Hope you'll love it.üòÉ",Mahaansari121
2022-05-21 08:52:47+00:00,1527935423632543744,It's Britney Birthday!!!! You mustn't work today...,MalwareEbooks
2022-05-21 08:51:59+00:00,1527935220984463361,"Social engineering evolving!! üò¶üò¶
 #infosec #Phishing #malware https://t.co/1nQeDE4qE5",pharar
2022-05-21 08:48:28+00:00,1527934338561622016,@tornadooa @LifeProgrammer1 Types of malware ŸÑŸÖÿß ÿ™ÿ®ÿ≠ÿ´ ÿπŸÜŸáŸÖ ÿ®Ÿäÿ∑ŸÑÿπŸàŸÜ ŸÑŸÉ ŸÉŸÑŸáŸÖ ŸäŸÜÿØÿ±ÿ¨ŸàŸÜ ÿ™ÿ≠ÿ™ ŸÖÿ≥ŸÖŸâ ÿßŸÑÿ®ÿ±ÿßŸÖÿ¨ ÿßŸÑÿ∂ÿßÿ±ÿ© ÿßŸà ÿßŸÑŸÄ malware,_Maybesar
2022-05-21 08:43:51+00:00,1527933174185172993,Se ha descubierto como ejecutar malware en iPhone incluso cuando est√© apagado - Una al D√≠a https://t.co/VwNJtjE4yD,deltasolaris
2022-05-21 08:38:21+00:00,1527931792531107840,Keep your PC safe from viruses and malware with K7 Total¬†Security https://t.co/14XY51Thh8,Hateman20
2022-05-21 08:38:06+00:00,1527931727888392203,**manifesting fellow KR Amazon fans to talk about the fucking series with**,braxons_malware
2022-05-21 08:38:02+00:00,1527931713845878784,"Users Without Internet Explorer Updates Are Vulnerable To Malware
Researchers at Bitdefender have discovered a new malware campaign.¬† This one uses an attack method that has fallen out of favor in recent months, called the Exploit Kit. Exploit Kits used to...",DataCorps
2022-05-21 08:38:01+00:00,1527931706346508290,"Anche perch√© vediamo e vedremo cose molto diverse gestite da gruppi diversi. DDoS dimostrativi e ""hacktivisti"", ransomware motivati economicamente, wiper che puntano a fare solo danni, malware per infrastrutture critiche, spionaggio.",carolafrediani
2022-05-21 08:37:56+00:00,1527931687740620800,@stijnhommes @reactjs I didn't create a malware,BahigaTacite
2022-05-21 08:37:20+00:00,1527931538100432902,https://t.co/8GLoAuDmLo #cybersecurity #lighteyes #teletrabajo #pyme #dataprotection #malware,LightEyesNews
2022-05-21 08:37:13+00:00,1527931505535762432,@tornadooa @LifeProgrammer1 ÿßŸä Ÿáÿ∞Ÿä ŸÉŸÑŸáÿß ÿ™ÿßŸäÿ®ÿ≤ ŸÖŸÜ ÿßŸÑŸÄ malware,_Maybesar
2022-05-21 08:36:06+00:00,1527931224718712832,@TrevorGiffen @vxunderground I think that if someone is playing with malware and doesn't now typical password ( it's also placed everywhere) shouldn't play with malware lol,kamil_kicka
2022-05-21 08:35:36+00:00,1527931100407939072,I feel like I‚Äôm the only Kamen rider Amazon fan. Like dead ass not being funny if there are 4 other Amazon fans where the fuck are they???,braxons_malware
2022-05-21 08:34:26+00:00,1527930805531684867,"New Delhi: Google has announced to display warning notifications in its Chat application to protect users from hackers and phishing attacks. ‚ÄúIn Google Chat, you‚Äôll see banners warning against potential phishing and malware messages coming from users with personal Google Accounts https://t.co/nFJZrsPF5Y",Deccan_Cable
2022-05-21 08:33:11+00:00,1527930491940347904,@khalidmusa_ ÿ¨ÿ±ÿ®ÿ™Ÿáÿß ŸÖÿß ÿ≠ŸÑÿ™Ÿáÿß ŸÑÿßŸÜŸà ÿßŸÑ antivirus ÿßÿπÿ™ÿ®ÿ± ÿßŸÑÿ±ŸäÿßŸÉÿ™ malware. ÿßŸÑÿß ÿ®ÿπÿØ ÿÆÿ¥Ÿäÿ™ ÿßŸÑÿ∂ÿ®ÿ∑ ŸàÿßÿØŸäÿ™Ÿà ÿßŸÑÿ®Ÿäÿ±ŸÖŸäÿ¥ŸÜ,Moh_dev7
2022-05-21 08:30:33+00:00,1527929828120219648,"Web Trackers Caught Intercepting Online Forms Even Before Users Hit Submit https://t.co/oADAS11Oqz

#CyberSecurity #hacker #infosec @reach2ratan #security #cyber #tech #opensource #cybercrime #crime #gdpr #cloud #cloudsecurity #dataprotection #Privacy #cloudcomputing #malware‚Ä¶ https://t.co/S8QXT5HB8V",reach2ratan
2022-05-21 08:30:07+00:00,1527929718326034432,"A fascinating (and alarming) article on the discovery of a dark web website where you can buy malware-as-a-service for as little $90 a year. The site sells miners, worms and ransomware, all for relatively low prices. üëÄ

#infosec #antimalware https://t.co/uJn1F9enoj",mrgeffitas
2022-05-21 08:27:35+00:00,1527929084621123584,"The 1bitHeart character of the hour is Hiyu Mekami! 
'A girl who loves virus extermination. She has a future ambition to surpass the Master Program and eradicate all viruses and malware.' https://t.co/Ky7LBvDjHM",hourly1bitheart
2022-05-21 08:22:49+00:00,1527927881594454016,"Dis is one half...
Press any key to continue.",MalwareEbooks
2022-05-21 08:22:21+00:00,1527927766640906240,Hackers est√°n ocultando malware en Windows https://t.co/Fev89hGNom a trav√©s de @YouTube,jevtwit
2022-05-21 08:16:17+00:00,1527926237418491904,@braxons_malware Mass Destruction *Persona 3 playz*,Spectrick2
2022-05-21 08:15:00+00:00,1527925915904360450,Social Engineering and Phishing Prevention Course - The Security Buddy https://t.co/Reb8du3MXA #phishing #malware #cybersecurity,asigosec_tsb
2022-05-21 08:13:46+00:00,1527925604326178816,Him destroying cyber cities!!! Kaiju style!!! Yayah,braxons_malware
2022-05-21 08:09:02+00:00,1527924414456659969,"‚ñ∫ Cyber-Chaos Ahead series :

Microsoft has discovered that the activity of the Linux botnet malware known as ""XorDdos"" has increased by 254% in the last six months.

Read: https://t.co/EESQl4r9Dt",stmanfr
2022-05-21 08:06:36+00:00,1527923800355983360,"‚ñ∫ Cyber-Chaos Ahead series :

Researchers discover a new Rust Crate Registry's software supply chain attack targeting cloud continuous integration (CI) pipelines with malware written in the Go language.

Read: https://t.co/g1bFvqGbDP",stmanfr
2022-05-21 08:04:05+00:00,1527923166793834496,"@hellodoccly @Tinder I already wasn't very interested inusing @Tinder. Now that they're spreading PWA malware too, I'm sure I'll never use it.",stijnhommes
2022-05-21 08:03:54+00:00,1527923120757260288,#Antivirus: Revisi√≥n y descarga gratuita de IObit Malware Fighter. https://t.co/EoxVIwfdnG,lado_mx
2022-05-21 08:02:43+00:00,1527922823746011137,North Korean hackers attempt to spread data stealing malware with fake press releases https://t.co/WS8ZSeVNPI,PVynckier
2022-05-21 08:01:27+00:00,1527922507952492548,"Hi there. I'm Parrot, the talking virus. 
Written by Gigabyte!",RemoveMalicous
2022-05-21 08:01:07+00:00,1527922421067546624,Mant√©n a salvo tu PC de virus y malware con K7 Total Security https://t.co/roGZLeycyP,softzone
2022-05-21 08:00:58+00:00,1527922382933004290,Mirai Malware for Linux Double Down on Stronger Chips | CrowdStrike https://t.co/pjnQcz8ZTV,PVynckier
2022-05-21 07:59:56+00:00,1527922125067132928,Se ha descubierto como ejecutar malware en iPhone incluso cuando est√© apagado  https://t.co/r5TjIhCNa7,jbastidacano
2022-05-21 07:57:29+00:00,1527921509565616129,https://t.co/MAuIXRvYiq detected 4 new websites hosting #phishing | new today: 300 | #infosec #cybersecurity #malware https://t.co/yQ73cs5vC1,PhishStats
2022-05-21 07:57:23+00:00,1527921481279483904,"NEW POST üì¢ ""There are a wide variety of ransomware types, but one thing is certain..."" - #cybersecurity #ransomware #malware #infosec https://t.co/25hvs02ib3",Cybermat3rial
2022-05-21 07:53:37+00:00,1527920534083850240,"CIOAMERICALAT: En la guerra del #phishing contra el mundo, el uso del #SEO es la m√°s reciente estrategia identificada para aumentar las descargas de malware.¬† https://t.co/zaIncLwCnx #hackers #malware #netskope #nube",Amanaure
2022-05-21 07:52:48+00:00,1527920327866523648,Between millions of people around the world i found you. Don't forget to remember this day every time MY FRIEND!,MalwareEbooks
2022-05-21 07:52:29+00:00,1527920248887836672,Rise in XorDdos: A deeper look at the stealthy DDoS malware targeting Linux devices - Cybersecurity - Microsoft Security Blog https://t.co/eNj4bOk1IZ,tsunomur
2022-05-21 07:52:26+00:00,1527920237378674688,Rise in XorDdos: A deeper look at the stealthy DDoS malware targeting Linux devices - Microsoft Security Blog https://t.co/eNj4bOk1IZ,tsunomur
2022-05-21 07:52:24+00:00,1527920227081658368,How iPhones can run malware even when they're off #Cybersecurity #infosec #security via https://t.co/KDUhFaFE1M https://t.co/frKLlkFErk,cornichecorp
2022-05-21 07:52:02+00:00,1527920137344430080,Hackers Trick Users with Fake Windows 11 Downloads to Distribute Vidar Malware https://t.co/CjvPnvtoJ4 https://t.co/7eKiNqbTg3,hax_lucas
2022-05-21 07:51:51+00:00,1527920091916029960,"RT YourAnonRiots: #Microsoft has discovered that the activity of the #Linux botnet #malware known as ""#XorDdos"" has increased by 254% in t‚Ä¶ Translated using #MicrosoftFlow",CSA_DVillamizar
2022-05-21 07:51:49+00:00,1527920081828708354,DOJ Says Doctor is Malware Mastermind https://t.co/paquwWnTN5,HealthCyberInfo
2022-05-21 07:51:48+00:00,1527920077345112064,"April VMware Bugs Abused to Deliver Mirai Malware, Exploit Log4Shell https://t.co/dERbQm20zx",HealthCyberInfo
2022-05-21 07:51:19+00:00,1527919957861965826,"#cybersecurity https://t.co/RGPFYLyIuH Linux malware is booming, so stay secure, Microsoft warns",infosecstuff
2022-05-21 07:49:27+00:00,1527919487311306752,"Des chercheurs ont d√©velopp√© un malware pour attaquer votre iPhone m√™me quand il est √©teint 
https://t.co/r72KYtMFBM",DPrzedborski
2022-05-21 07:48:47+00:00,1527919319904034816,"üì© Opening unverified files attached to your emails can be dangerous. With the rise of #malware, #phishing attempts, and computer #viruses, take caution to protect your data by following these simple steps: https://t.co/ZUYXHgHZhx #InfoSec #Cybersecurity‚Ä¶ https://t.co/xnmF5VWAK6",hernanespinoza
2022-05-21 07:47:15+00:00,1527918933134610432,Shake Hands with Danger https://t.co/MCwdNIMGfb,MalwareMinigun
2022-05-21 07:46:42+00:00,1527918793497972739,"Security researchers at SentinelLabs are calling attention to a software chain supply attack targeting Rust developers with malware aimed directly at infecting GitLab Continuous Integration (CI) pipelines 
#infosec #SupplyChain 

https://t.co/G5zRLBSuk7",tbillaut
2022-05-21 07:43:43+00:00,1527918041891233800,"There‚Äôs a new type of malware attacking Windows devices‚Ä¶ but no-one‚Äôs yet sure what damage it does

https://t.co/OnGbU1jL66
 https://t.co/OnGbU1jL66",compex_it
2022-05-21 07:42:16+00:00,1527917679604023296,@malware_traffic It is also worth noting that all the 3 you list and Emotet have strong ties to Conti. Maybe it is as simple as whatever malware FIN12 prefers any given month becomes the number one threat.,WahlenPMattias
2022-05-21 07:41:51+00:00,1527917573035241472,"Paying the Ransomware Amount Often Doesn‚Äôt Get Businesses Their Data Back / Digital Information World | #malware | #ransomware
#earegun

Falling victim to a ransomware attack can be a real nightmare for business owners because of the fact that this is the sort of thing that ‚Ä¶ https://t.co/N92JxLak49",earegun
2022-05-21 07:41:13+00:00,1527917414511480832,"Ransomware attack affects nearly 500,000 CPS students | #malware | #ransomware
#earegun

CHICAGO ‚Äî A ransomware attack last year affected nearly 500,000 Chicago Public School students. The district said over 495,000 student records and over 56,000 staff records were compromi‚Ä¶ https://t.co/YEQ5i0RdwM",earegun
2022-05-21 07:40:53+00:00,1527917329455235072,@SMLAZIMDEL4 @DoraOzsoy Bana mordekaiser gibi geliyor ya. √á√ºnk√º √∂l√ºm√º ve ruhlari kontrol eden kisi o adam,Malware11422073
2022-05-21 07:38:10+00:00,1527916645963943936,Microsoft Warns Rise in XorDdos Malware Targeting Linux Devices https://t.co/X8mg1kqJV9 #dubai #KSA,ChbibAnas
2022-05-21 07:36:19+00:00,1527916179351752704,"AdvIntel believes some Conti members may land with groups that avoid traditional ‚Äúlocker‚Äù malware and instead steal an organization‚Äôs data and make extortion demands, or taking their skills to other ransomware groups that experts have linked to Conti. https://t.co/oVa9UHJHlU",M_Miho_JPN
2022-05-21 07:35:57+00:00,1527916089862152195,#cybersecurity Fake domains offer Windows 11 installers - but deliver malware instead https://t.co/8BOzTTCUZV,Abhaykottur
2022-05-21 07:35:56+00:00,1527916086334824448,#cybersecurity Microsoft Warns Rise in XorDdos Malware Targeting Linux Devices https://t.co/QmnaM6mmNb,Abhaykottur
2022-05-21 07:35:13+00:00,1527915905996431361,@SABreakingNews what could they possibly offer through a play store when even the google indians cant block all the malware?,vieren20_666
2022-05-21 07:34:28+00:00,1527915715310673921,Anyone else ever had the thought that at one point someone could make a malware so virulent that it causes computers to literally chug SO MUCH ENERGY that merely TOUCHING IT would make your heart stop from the electricity being shot into you?,OmegoUlti
2022-05-21 07:30:00+00:00,1527914591530848256,#Cryptocurrency-Stealing 'Cryware' Malware Attacks Surge. (Data Breach Today) #CyberSecurity #Crypto #FinTech https://t.co/5V296ilI0B https://t.co/MA74XkxoEm,jamesvgingerich
2022-05-21 07:29:54+00:00,1527914564083400705,"RT @NCSC: This guidance helps private and public sector organisations deal with the effects of malware (which includes ransomware). 

It provides actions to help organisations prevent a malware infection, and also steps to take if you're already infected‚Ä¶ https://t.co/7bmQB5pTQX",tsecrime
2022-05-21 07:28:34+00:00,1527914231248592896,"Acquiring My_Doom content 

big boyeeeeeeee",braxons_malware
2022-05-21 07:27:31+00:00,1527913967871373312,Warning! Malicious Software found: Malware ! https://t.co/tWl3bfTA3N,databrawlBot
2022-05-21 07:23:57+00:00,1527913068730236929,Fake domains offer Windows 11 installers - but deliver malware instead https://t.co/3TIG5RSzS4,bug_less
2022-05-21 07:22:40+00:00,1527912745718272000,"Google Chat adds warning banners to protect against phishing attacks
Google Chat will now display warning banners warning you against phishing and malware attacks coming from personal accounts. The banners wil...
#Google #Technology #Services #GoogleChat
https://t.co/61JR88DK1Q",chartartScanner
2022-05-21 07:21:48+00:00,1527912526100451329,"Mississippi River stakeholders urge US to elevate food security as a #infosec #infosecurity #cybersecurity #threatintel #threatintelligence #hacking #cybernews #cyberattack #threathunting 
#cloudsecurity #cloudcomputing #malware #ransomware #devops #dfir https://t.co/Hu1tkKH4cQ",CyberIQs_
2022-05-21 07:21:38+00:00,1527912487248601090,"Biden focuses on technology gaps, security in trip to Asia &amp; PBS #infosec #infosecurity #cybersecurity #threatintel #threatintelligence #hacking #cybernews #cyberattack #threathunting 
#cloudsecurity #cloudcomputing #malware #ransomware #devops #dfir https://t.co/Hu1tkKH4cQ",CyberIQs_
2022-05-21 07:21:30+00:00,1527912452792504320,"APD officer charged for sexually assaulting airport security guard &amp; #infosec #infosecurity #cybersecurity #threatintel #threatintelligence #hacking #cybernews #cyberattack #threathunting 
#cloudsecurity #cloudcomputing #malware #ransomware #devops #dfir https://t.co/Hu1tkKH4cQ",CyberIQs_
2022-05-21 07:21:09+00:00,1527912362849800194,"Can thrown at NYC Mayor Eric Adams injures security team member &amp; #infosec #infosecurity #cybersecurity #threatintel #threatintelligence #hacking #cybernews #cyberattack #threathunting 
#cloudsecurity #cloudcomputing #malware #ransomware #devops #dfir https://t.co/Hu1tkKH4cQ",CyberIQs_
2022-05-21 07:20:43+00:00,1527912255500730368,You know ‚Ä¶ has anyone else suggested a ‚Äúfoldering‚Äù technique? I think the DNS lookups would make sense in this context and it could have easily been a custom malware setup for this or just piggyback off one of the Cendyn Hotel B2B messaging apps. Create a ‚Äúdrafts‚Äù folder https://t.co/fDH8qUfvMH,SlickRockWeb
2022-05-21 07:20:29+00:00,1527912194360451072,"ZDNet | ""Fake domains offer Windows 11 installers - but deliver malware instead"" https://t.co/oRBUVpBp1W",joviannfeed
2022-05-21 07:18:01+00:00,1527911575167700992,Hackers Trick Users with Fake Windows 11 Downloads to Distribute Vidar Malware https://t.co/gndB9VndgQ #bugbounty #bugbounties,bugbounty18
2022-05-21 07:17:50+00:00,1527911528837570562,"PIPEDREAM: Chernovite's Emerging Malware Targeting Industrial Control Systems https://t.co/RUEgTzDgbl

Threats to industrial infrastructure security are an extremely sensitive matter. Given the unique realities of industrial operations it is often harder for defenders to react ‚Ä¶ https://t.co/TfDXfcOjMy",OnlineDownload
2022-05-21 07:16:18+00:00,1527911144278605825,"RT @qcs_tr: #TechRadar: ""Linux malware is booming, so stay secure, Microsoft warns https://t.co/RenzK7xret"" #tech $tech #technology #technews #news $news #technologynews",DJIMB3RRY
2022-05-21 07:16:06+00:00,1527911091635998724,stupid malware never keeps itself updated like it should https://t.co/bLXHUV8dsl,kehlarn
2022-05-21 07:14:42+00:00,1527910741008781313,"""Heard we were sharing only fans pics, and I immediately thought of this dirty dirty girl."" https://t.co/so25Dm59Py",MalwareMinigun
2022-05-21 07:14:04+00:00,1527910581067563009,"Twisted Pandahttps://research.checkpoint.com/2022/twisted-panda-chinese-apt-espionage-operation-against-russians-state-owned-defense-institutes

Bumblebee Malware from TransferXL URLshttps://isc.sans.edu/forums/diary/Bumblebee+Malware+from+TransferXL+URL‚Ä¶ https://t.co/Dxgg38k8UQ https://t.co/DInAMrvQpz",PentestingN
2022-05-21 07:10:05+00:00,1527909578913959937,"WFH ""what could go wrong"" story

Krebs on Security: When Your Smart ID Card Reader Comes With Malware ‚Äì Krebs on Security.
https://t.co/3ytKtHBa2M

via @GoogleNews",shava23
2022-05-21 07:08:54+00:00,1527909281462362117,"@SixthCityComedy I didn't actually, it's like three posts from the top. Also I tried going to your website and my anti malware/phishing freaked out, whats up with that?",cody_guzman
2022-05-21 07:07:51+00:00,1527909018173325312,"#TechRadar: ""Linux malware is booming, so stay secure, Microsoft warns https://t.co/Ipj5ke5y9h"" #tech $tech #technology #technews #news $news #technologynews",qcs_tr
2022-05-21 07:05:33+00:00,1527908438646431751,"#RT @CNET: Not sure if that chat message is legit or not? Google has your back. Google Chat will start showing a warning banner under messages that might contain phishing links or malware downloads.
https://t.co/7gWqvL8kS3",hustlenomics916
2022-05-21 07:05:01+00:00,1527908304210763776,"Hackeri m√¥≈æu zneu≈æi≈• aj vypnut√Ω iPhone. Oprava ani ochrana neexistuje https://t.co/U61DMH5pDl

Researchers find a potential way to run malware on iPhone even when it's off
https://t.co/VemKyUinpp

Paper https://t.co/FaiS2mBUMG",wilderko
2022-05-21 07:05:01+00:00,1527908303203975168,"Linux malware is booming, so stay secure, Microsoft warns https://t.co/pjbFYiifxd",PC_ExpertOnline
2022-05-21 07:02:56+00:00,1527907779884863488,"Can I submit a log - Virus, Trojan, Spyware, and Malware Removal Help - BleepingComputer https://t.co/jfbk2F6pbc",van97298936
2022-05-21 07:02:02+00:00,1527907554403266561,"RT NCSC: This guidance helps private and public sector organisations deal with the effects of malware (which includes ransomware). 

It provides actions to help organisations prevent a malware infection, and also steps to take if you're already infected
‚Ä¶ https://t.co/Uy3MSdAIvI",Ben_P9T
2022-05-21 07:01:27+00:00,1527907407867031552,Good evening! How has your day been!,RemoveMalicous
2022-05-21 07:01:01+00:00,1527907298802376706,"This guidance helps private and public sector organisations deal with the effects of malware (which includes ransomware). 

It provides actions to help organisations prevent a malware infection, and also steps to take if you're already infected
https://t.co/sYTBLcljIL https://t.co/pw14i66dPE",NCSC
2022-05-21 07:00:08+00:00,1527907073182277632,"üòÜüòÜ Meme Time üòÜüòÜ

#redhotcyber #cybersecurity #hacking #hacker #infosec #infosecurity #quotes #meme #comica #vignette #citazioni #cybersec #sicurezzainformatica #malware #cybercrime #awareness https://t.co/FoGppvQ187",redhotcyber
2022-05-21 06:59:07+00:00,1527906818961428480,@BahigaTacite @reactjs And you openly admit to building malware on Twitter. Admitting you've done something wrong is the first step to healing.,stijnhommes
2022-05-21 06:58:39+00:00,1527906700547661824,@SwiftOnSecurity I usually lose followers for that üíÄ,MalwareTechBlog
2022-05-21 06:58:05+00:00,1527906560361496577,Insightful article from #darkreading about iPhone malware that runs even when device is turned off. #malware #iphone #bluetooth #security https://t.co/fLmATjv9MD,Risto_Matti
2022-05-21 06:55:56+00:00,1527906019980234752,"How to Protect Your Organization from Ransomware 
https://t.co/7rQSMS7Qdk #Ransomware #Malware #Cybersecurity #cyberattacks #QAcycle https://t.co/vG0Wid1uKP",QAValley
2022-05-21 06:55:53+00:00,1527906004905897984,"How to Protect Your Organization from Ransomware 
https://t.co/uqmcvWUqbf #Ransomware #Malware #Cybersecurity #cyberattacks #TechUnity https://t.co/BHaViKRzc2",TechUnityInc
2022-05-21 06:52:48+00:00,1527905227713695744,CRITICAL ERROR 08/15: TOO MANY FINGERS ON KEYBOARD ERROR.,MalwareEbooks
2022-05-21 06:52:29+00:00,1527905148873342987,"NETGEAR  (https://t.co/QhLzU6smVN)Armor powered by Bit defender protects all your home devices from virus, malware, and data theft with a 30-day free trial
Backed by a 1-year limited hardware warranty",irfanbu15536086
2022-05-21 06:52:18+00:00,1527905101955866624,The urge to draw Don Brothers fan art is actually high,braxons_malware
2022-05-21 06:52:10+00:00,1527905070096224256,"This Week in Ransomware ‚Äì Friday, May 20th 2022
https://t.co/q2cnq8y6zK #Ransomware #Malware #Cybersecurity #QAcycle https://t.co/g71YmvoAAH",QAValley
2022-05-21 06:52:03+00:00,1527905039318396929,"This Week in Ransomware ‚Äì Friday, May 20th 2022
https://t.co/OjtAIKQusa #Ransomware #Malware #Cybersecurity #TechUnity https://t.co/RSir0OonQx",TechUnityInc
2022-05-21 06:49:53+00:00,1527904497468579841,@hk0545 thank you!,braxons_malware
2022-05-21 06:48:47+00:00,1527904219310837760,"‚Å¶@the_secpro‚Å© #51: Malware Detecting, Launching Reconnaissance, and Cryptomixing. #security #cybersecurity   https://t.co/NTcrfSkuVz",msicc
2022-05-21 06:48:15+00:00,1527904086112321536,"@braxons_malware You could add a commissions page under your carrd, showcasing recent illustrations using a gallery element and section breaks to make a new page. You just have to link a button to that page by putting the url as(minus space) # section-break",hk0545
2022-05-21 06:47:06+00:00,1527903793676857347,#DownloadMp3Music #Gqom #GqomMix Kususa &amp; Zithane ‚Äì Malware https://t.co/Ge2DFhdZVM,afrobeatcoza
2022-05-21 06:46:13+00:00,1527903571215360000,"Researchers Find Backdoor in School Management Plugin for WordPress
https://t.co/NfLKqsIdv2 
#cybersec #infosec #exploits #malware #wordpress https://t.co/cW0LUofdRk",pierrelev74
2022-05-21 06:45:47+00:00,1527903463912673282,"Don't download Windows 11 images from these malicious sites.
#CyberSecurity #cybersecuritytips

Hackers Trick Users with Fake Windows 11 Downloads to Distribute Vidar Malware https://t.co/0nI9fecP3x via @TheHackersNews",Vhicck
2022-05-21 06:43:23+00:00,1527902859379060991,‚Ä¶why tf did I dream that I had somehow ended up with bubsy themed malware on my PC?,SanTheSly
2022-05-21 06:42:14+00:00,1527902570374733824,"Hackers Trick Users with Fake Windows 11 Downloads to Distribute Vidar Malware 
Fraudulent domains masquerading as Microsoft's Windows 11 download portal are attempting to trick users into deploying trojanized installation files to infect systems with th‚Ä¶ https://t.co/zbLOtGq7bx",two_minwarning
2022-05-21 06:42:11+00:00,1527902558903185408,"@MichaelCaisse @shafikyaghmour The C++ version of this rule cares not what the control structure is and both are indeed UB https://t.co/qle1ZvahlX

The C version explicitly calls out ""iteration statements"" (but it's a constant expression so neither are UB) https://t.co/UjL9nPgECF",MalwareMinigun
2022-05-21 06:42:10+00:00,1527902553727549447,"Microsoft Warns Rise in XorDdos Malware Targeting Linux Devices 
A Linux botnet malware known as XorDdos has witnessed a 254% surge in activity over the last six months, according to latest research from Microsoft.
The trojan, so named for carrying out d‚Ä¶ https://t.co/u69uHR9rsF",two_minwarning
2022-05-21 06:40:16+00:00,1527902076428333056,"A Linux botnet #malware known as XorDdos has witnessed a 254% surge in activity over the last six months¬†ü§ñü§î¬†
 #hacking https://t.co/ZjUTxwnXWO",manuelbissey
2022-05-21 06:39:26+00:00,1527901865177915393,Kuna mda ukikaaa single you become more happier than,MalwarePeter
2022-05-21 06:38:01+00:00,1527901508683059200,"‚ö†Ô∏è Potentially harmful apps persist on Google Play for avg. 77 days

Now researchers found 200 Android apps distributing #malware called Facestealer. These apps masquerade as VPNs, fitness, photo editing, and puzzle apps.

https://t.co/HJAk8pMgMq",cyberday_ai
2022-05-21 06:37:33+00:00,1527901390642741251,@ViralScandal07 yeah idk about anyone else but that link looks sketchy AF. like it might be malware.,SummerLilacBush
2022-05-21 06:37:31+00:00,1527901382107312128,@GossiTheDog Nah they never sell. It‚Äôs the moderate Tesla supporter sentiment tracker.,MalwareTechBlog
2022-05-21 06:37:02+00:00,1527901260590071808,"@braxons_malware Depends if by progress you mean WIPs. A lot of artists use Trello but that just has text - basically you color code a list of commissions based on how far along you are like so:

https://t.co/gbzDbe67oC",CyberContagion
2022-05-21 06:36:55+00:00,1527901233406742529,Se ha descubierto como ejecutar malware en iPhone incluso cuando est√© apagado https://t.co/M4X50dn9IX,dragonhack991
2022-05-21 06:34:32+00:00,1527900631914074113,Microsoft Warns Rise in XorDdos Malware Targeting Linux Devices https://t.co/Sa0Jtw7jNn,faircloth_j
2022-05-21 06:34:19+00:00,1527900579900510210,". Quoth @AliceAvizandum ""... free surface effect, but the liquid is ... cars"" https://t.co/kmLkw7TCTH",MalwareMinigun
2022-05-21 06:33:57+00:00,1527900485058969600,How to Spot a Phishing Email - Open Source Intelligence - Medium - via @pensignal  https://t.co/ieYbAgYdha #tips #security #hacker #phishing #malware #safety #osint,Blogging__Guide
2022-05-21 06:30:32+00:00,1527899626346450944,"Half of IT Leaders Store Passwords in Shared Docs https://t.co/XyzN6A8yR9

#CyberSecurity #hacker #infosec @reach2ratan #security #cyber #tech #opensource #cybercrime #crime #gdpr #cloud #cloudsecurity #dataprotection #Privacy #cloudcomputing #malware #ransomware",reach2ratan
2022-05-21 06:28:34+00:00,1527899129715646465,@AlexjRough Here let me help,MalwareTechBlog
2022-05-21 06:22:49+00:00,1527897683096383488,"1,000,000,000 viruses DIED today! And yesterday, and more will die tomorrow! _/\_ STOP THE KILLING! _/\_",MalwareEbooks
2022-05-21 06:20:25+00:00,1527897081368543232,"@Ye_zhi_D @wikidot big site, lots of users, perfect for data acquisition or mass deployment of malware. works extra well because, as you pointed out, who would expect a site like this one to be attacked?",jebbengy
2022-05-21 06:20:18+00:00,1527897051224322048,"#infosec #hacking
Se ha descubierto como ejecutar malware en iPhone incluso cuando est√© apagado https://t.co/QtEl5l2TaL",juncotic
2022-05-21 06:19:49+00:00,1527896930642235392,Are there any good websites for updating commissions where people can see the progress?,braxons_malware
2022-05-21 06:14:01+00:00,1527895470709821440,ü¶ãCommission for @hk0545 ü¶ã https://t.co/8GKN0pwqpR,braxons_malware
2022-05-21 06:11:14+00:00,1527894767891251201,Microsoft Warns Rise in XorDdos Malware Targeting Linux Devices https://t.co/fKAgJyFD6c,pascalsene
2022-05-21 06:09:39+00:00,1527894369084514304,@LumitroArt I may have under estimated the chaotic energy of people okay?,MaliMalware
2022-05-21 06:04:08+00:00,1527892981423951872,Every human is worth fighting for. But some just need to get their heads out of their asses first so they can see the light.,iHeartMalware
2022-05-21 06:00:28+00:00,1527892061051138048,"RE tip of the day: To analyze ROP exploits, you need access to the application it targets including all its dependencies as it will contain the actual instructions comprising the shellcode, the exploit body here is just a map.
#infosec #cybersecurity #malware #reverseengineering",re_and_more
2022-05-21 06:00:08+00:00,1527891974451343362,"In the past 24 hours, 8758 IoC's were submitted and #Emotet is the most seen #malware family on abuse[.]ch",cybsecbot
2022-05-21 05:55:18+00:00,1527890759889960960,"NordVPN :¬†Bloquea malware, rastreadores y anuncios intrusivos
GRATIS üëâhttps://t.co/7jHj24kkGv
¬†#vpn #cyberseguridad #privacidad https://t.co/eLd7piOP9B",TodogratisSpain
2022-05-21 05:54:35+00:00,1527890580746870794,Pegasus  panel  has built  own software  to  detect  malware,rkg2222
2022-05-21 05:52:46+00:00,1527890121265410049,You're are now FUCKED! (C) 2001 by BGK (Bill Gates Killer),MalwareEbooks
2022-05-21 05:51:02+00:00,1527889686726844416,"RT @Seguridadula: @unaaldia ""Se ha descubierto como ejecutar malware en iPhone incluso cuando est√© apagado"" https://t.co/3XWyNKSfJx",SecMcaballero
2022-05-21 05:50:06+00:00,1527889451367776256,"The more you pay, the more you save the climate.. 
Who doesn't want to save climate and give up a few years of comfort? 
https://t.co/cSfVBYtU28",ClimateMalware
2022-05-21 05:49:48+00:00,1527889373999554560,"@unaaldia ""Se ha descubierto como ejecutar malware en iPhone incluso cuando est√© apagado"" https://t.co/Ix8d6rWsn0",Seguridadula
2022-05-21 05:49:06+00:00,1527889199869067267,Beware of Fake Windows 11 Downloads Distributing Vidar Malware https://t.co/aDwYuP6JfE,ohhara_shiojiri
2022-05-21 05:45:32+00:00,1527888300685631488,@Mahm_AJK @yassermq2 @PtiUSA12 @PTIofficial @Gene5AK @shahid2558 @Who_is_Hamza @MaddyWithKhan ÿ≤ÿ®ÿ±ÿØÿ≥ÿ™,malware313
2022-05-21 05:45:04+00:00,1527888184905965569,"Website edittor removing malware or social engineering  -- 2
Budget (10-30) USD
Name: oseiahmed
Country: Ghana
Client : https://t.co/B9jlut9rfb
Project Link: https://t.co/Jrolqhd9v1
https://t.co/EwQetDzLqh #HATINC #Freelance #freelancer #business #programming",1129_ali
2022-05-21 05:44:16+00:00,1527887982736424960,"Researchers analyzed 86 APTs and 350 campaigns from 2008 to 2020. Turns out the majority of attacks did not use 0days and exploited publicly disclosed vulnerabilities: https://t.co/VbHPRsIYB5

#cybersecurity #malware #0day",execveat
2022-05-21 05:43:54+00:00,1527887889484460039,"@UNAMdigital Es inexacto y con un poco de sentido com√∫n se pod√≠a evitar. El malware que se llegaba a colar eran archivos tipo valentin_elizalde.mp3.exe, como Windows tiene la bella costumbre de ocultar las extensiones, pues alguien sin conocimiento ca√≠a f√°cil.",Valdr_Stiglitz
2022-05-21 05:43:42+00:00,1527887838242406400,"@Kita_Minahasa @herry_wl @Evie19101 @tobialism @leo12seventy @prichardlincoln @massboedy @bitcemeng @man_fnu @Deariy @zippo_friday @jatmikajati @NandoSit @TotoIsmoe Itu Malware bang, semacam virus",mr99zack
2022-05-21 05:41:20+00:00,1527887244803117056,@TortoRacoon ese no es el juego que tenia un malware?,Gankoomonfacha
